{"cameraMode":{"drawMode":0,"name":"Shaded","section":"Shading Mode"},"sceneLighting":true,"audioPlay":false,"sceneViewState":{"m_AlwaysRefresh":false,"showFog":true,"showSkybox":true,"showFlares":true,"showImageEffects":true,"showParticleSystems":true,"showVisualEffectGraphs":true,"m_FxEnabled":true},"in2DMode":false,"pivot":{"x":16.22266960144043,"y":0.6626562476158142,"z":4.495306015014648},"rotation":{"x":0.0010410718386992813,"y":0.9142364263534546,"z":-0.4053252935409546,"w":0.0022417150903493168},"size":11.893890380859375,"orthographic":false}