{"cameraMode":{"drawMode":0,"name":"Shaded","section":"Shading Mode"},"sceneLighting":true,"audioPlay":false,"sceneViewState":{"m_AlwaysRefresh":false,"showFog":true,"showSkybox":true,"showFlares":true,"showImageEffects":true,"showParticleSystems":true,"showVisualEffectGraphs":true,"m_FxEnabled":true},"in2DMode":false,"pivot":{"x":7.259566783905029,"y":6.461368560791016,"z":-3.2404277324676515},"rotation":{"x":0.14369627833366395,"y":-0.1881721019744873,"z":0.027587804943323137,"w":0.971442699432373},"size":3.3012595176696779,"orthographic":false}