{"cameraMode":{"drawMode":0,"name":"Shaded","section":"Shading Mode"},"sceneLighting":true,"audioPlay":false,"sceneViewState":{"m_AlwaysRefresh":false,"showFog":true,"showSkybox":true,"showFlares":true,"showImageEffects":true,"showParticleSystems":true,"showVisualEffectGraphs":true,"m_FxEnabled":true},"in2DMode":false,"pivot":{"x":2.994785785675049,"y":8.694332122802735,"z":-2.1438679695129396},"rotation":{"x":0.030605264008045198,"y":-0.9707037210464478,"z":0.14251479506492616,"w":0.1928294152021408},"size":24.153099060058595,"orthographic":false}