{"cameraMode":{"drawMode":0,"name":"Shaded","section":"Shading Mode"},"sceneLighting":true,"audioPlay":false,"sceneViewState":{"m_AlwaysRefresh":false,"showFog":true,"showSkybox":true,"showFlares":true,"showImageEffects":true,"showParticleSystems":true,"showVisualEffectGraphs":true,"m_FxEnabled":true},"in2DMode":false,"pivot":{"x":22.73479652404785,"y":-2.232419013977051,"z":6.197774887084961},"rotation":{"x":0.003785805543884635,"y":0.9660124182701111,"z":-0.25833365321159365,"w":0.013967388309538365},"size":9.382734298706055,"orthographic":false}